Original;LogTimestamp;LogID;Ret;Sz;Blk;LogDataBytes;timestamps;echoByte;PGN;Priority;Source;Destination;DataBytes;DataLength;ID;BusChannel;IDE;DLC;Dir;EDL;BRS;PgnLabel;PgnInDbc
000001.226604 (000.003827)  Rx() ID = 00 Ret = 0019 Sz = 02048 Blk = 1 Data:  00 11 EE B0 00 20 FF 00 03 00 FF 10 21 00 00 00 FF D0 FF;000001.226604;00;0019;02048;1;0011EEB00020FF000300FF1021000000FFD0FF;1.6468283760499542e-39;00;00FF20;03;00;FF;1021000000FFD0FF;8;CFF2000;1;1;8;1;1;1;Proprietary B;No
000001.229335 (000.002732)  Rx() ID = 00 Ret = 0019 Sz = 02048 Blk = 1 Data:  00 11 EE B2 00 00 00 00 03 03 00 39 00 19 00 00 00 00 00;000001.229335;00;0019;02048;1;0011EEB2000000000303003900190000000000;1.646831178646883e-39;00;000000;03;03;00;3900190000000000;8;C000003;1;1;8;1;1;1;;
000001.232766 (000.003431)  Rx() ID = 00 Ret = 0019 Sz = 02048 Blk = 1 Data:  00 11 EE B3 00 F2 FE 00 06 00 FF 00 00 FF FF FF FF FF FF;000001.232766;00;0019;02048;1;0011EEB300F2FE000600FF0000FFFFFFFFFFFF;1.6468325799453472e-39;00;00FEF2;06;00;FF;0000FFFFFFFFFFFF;8;18FEF200;1;1;8;1;1;1;Fuel Economy (Liquid);J1939 DBC
000001.237029 (000.004263)  Rx() ID = 00 Ret = 0019 Sz = 02048 Blk = 1 Data:  00 11 EE C5 00 00 00 00 03 03 00 39 00 19 00 00 00 00 00;000001.237029;00;0019;02048;1;0011EEC5000000000303003900190000000000;1.646857803317705e-39;00;000000;03;03;00;3900190000000000;8;C000003;1;1;8;1;1;1;;
000001.237999 (000.000970)  Rx() ID = 00 Ret = 0019 Sz = 02048 Blk = 1 Data:  00 11 EE C7 00 23 FF 00 03 03 FF 10 10 00 FD 43 FF FF 01;000001.237999;00;0019;02048;1;0011EEC70023FF000303FF101000FD43FFFF01;1.6468606059146337e-39;00;00FF23;03;03;FF;101000FD43FFFF01;8;CFF2303;1;1;8;1;1;1;Proprietary B;No
000001.239234 (000.001234)  Rx() ID = 00 Ret = 0019 Sz = 02048 Blk = 1 Data:  00 11 EE C8 00 04 F0 00 03 00 FF FE 7D 7D 00 00 FF FF FF;000001.239234;00;0019;02048;1;0011EEC80004F0000300FFFE7D7D0000FFFFFF;1.646862007213098e-39;00;00F004;03;00;FF;FE7D7D0000FFFFFF;8;CF00400;1;1;8;1;1;1;Electronic Engine Controller 1;J1939 DBC
000001.246644 (000.007411)  Rx() ID = 00 Ret = 0019 Sz = 02048 Blk = 1 Data:  00 11 EE D9 00 20 FF 00 03 00 FF 10 21 00 00 00 FF D0 FF;000001.246644;00;0019;02048;1;0011EED90020FF000300FF1021000000FFD0FF;1.6468858292869915e-39;00;00FF20;03;00;FF;1021000000FFD0FF;8;CFF2000;1;1;8;1;1;1;Proprietary B;No
000001.247660 (000.001016)  Rx() ID = 00 Ret = 0019 Sz = 02048 Blk = 1 Data:  00 11 EE DA 00 00 00 00 03 03 00 39 00 19 00 00 00 00 00;000001.247660;00;0019;02048;1;0011EEDA000000000303003900190000000000;1.646887230585456e-39;00;000000;03;03;00;3900190000000000;8;C000003;1;1;8;1;1;1;;
000001.252860 (000.005200)  Rx() ID = 00 Ret = 0019 Sz = 02048 Blk = 1 Data:  00 11 EE DB 00 03 F0 00 03 00 FF F1 FF 00 00 FF FF 00 FF;000001.252860;00;0019;02048;1;0011EEDB0003F0000300FFF1FF0000FFFF00FF;1.6468886318839202e-39;00;00F003;03;00;FF;F1FF0000FFFF00FF;8;CF00300;1;1;8;1;1;1;Electronic Engine Controller 2;J1939 DBC
000001.256478 (000.003619)  Rx() ID = 00 Ret = 0019 Sz = 02048 Blk = 1 Data:  00 11 EE EC 00 03 F0 00 03 05 FF 00 00 00 00 00 00 00 00;000001.256478;00;0019;02048;1;0011EEEC0003F0000305FF0000000000000000;1.6469124539578137e-39;00;00F003;03;05;FF;0000000000000000;8;CF00305;1;1;8;1;1;1;Electronic Engine Controller 2;J1939 DBC
000001.262343 (000.005865)  Rx() ID = 00 Ret = 0019 Sz = 02048 Blk = 1 Data:  00 11 EE EE 00 00 00 00 03 03 00 39 00 19 00 00 00 00 00;000001.262343;00;0019;02048;1;0011EEEE000000000303003900190000000000;1.6469152565547424e-39;00;000000;03;03;00;3900190000000000;8;C000003;1;1;8;1;1;1;;
000001.266637 (000.004294)  Rx() ID = 00 Ret = 0019 Sz = 02048 Blk = 1 Data:  00 11 EE EF 00 01 F0 00 06 00 FF FF FF FF 3F FF FF FF FF;000001.266637;00;0019;02048;1;0011EEEF0001F0000600FFFFFFFF3FFFFFFFFF;1.6469166578532067e-39;00;00F001;06;00;FF;FFFFFF3FFFFFFFFF;8;18F00100;1;1;8;1;1;1;Electronic Brake Controller 1;J1939 DBC
000001.270282 (000.003645)  Rx() ID = 00 Ret = 0019 Sz = 02048 Blk = 1 Data:  00 11 EE F0 00 23 FF 00 03 03 FF 10 10 00 FD 43 FF FF 01;000001.270282;00;0019;02048;1;0011EEF00023FF000303FF101000FD43FFFF01;1.646918059151671e-39;00;00FF23;03;03;FF;101000FD43FFFF01;8;CFF2303;1;1;8;1;1;1;Proprietary B;No
000001.273877 (000.003594)  Rx() ID = 00 Ret = 0019 Sz = 02048 Blk = 1 Data:  00 11 EE F1 00 04 F0 00 03 00 FF FE 7D 7D 00 00 FF FF FF;000001.273877;00;0019;02048;1;0011EEF10004F0000300FFFE7D7D0000FFFFFF;1.6469194604501353e-39;00;00F004;03;00;FF;FE7D7D0000FFFFFF;8;CF00400;1;1;8;1;1;1;Electronic Engine Controller 1;J1939 DBC
000001.276810 (000.002933)  Rx() ID = 00 Ret = 0019 Sz = 02048 Blk = 1 Data:  00 11 EF 00 00 20 FF 00 03 00 FF 10 21 00 00 00 FF D0 FF;000001.276810;00;0019;02048;1;0011EF000020FF000300FF1021000000FFD0FF;1.6469404799271002e-39;00;00FF20;03;00;FF;1021000000FFD0FF;8;CFF2000;1;1;8;1;1;1;Proprietary B;No
000001.280642 (000.003832)  Rx() ID = 00 Ret = 0019 Sz = 02048 Blk = 1 Data:  00 11 EF 01 00 00 00 00 03 03 00 39 00 19 00 00 00 00 00;000001.280642;00;0019;02048;1;0011EF01000000000303003900190000000000;1.6469418812255645e-39;00;000000;03;03;00;3900190000000000;8;C000003;1;1;8;1;1;1;;
000001.284427 (000.003785)  Rx() ID = 00 Ret = 0019 Sz = 02048 Blk = 1 Data:  00 11 EF 15 00 00 00 00 03 03 00 39 00 19 00 00 00 00 00;000001.284427;00;0019;02048;1;0011EF15000000000303003900190000000000;1.646969907194851e-39;00;000000;03;03;00;3900190000000000;8;C000003;1;1;8;1;1;1;;
000001.288401 (000.003974)  Rx() ID = 00 Ret = 0019 Sz = 02048 Blk = 1 Data:  00 11 EF 16 00 23 FF 00 03 03 FF 10 10 00 FD 43 FF FF 01;000001.288401;00;0019;02048;1;0011EF160023FF000303FF101000FD43FFFF01;1.6469713084933154e-39;00;00FF23;03;03;FF;101000FD43FFFF01;8;CFF2303;1;1;8;1;1;1;Proprietary B;No
000001.291544 (000.003143)  Rx() ID = 00 Ret = 0019 Sz = 02048 Blk = 1 Data:  00 11 EF 18 00 04 F0 00 03 00 FF FE 7D 7D 00 00 FF FF FF;000001.291544;00;0019;02048;1;0011EF180004F0000300FFFE7D7D0000FFFFFF;1.646974111090244e-39;00;00F004;03;00;FF;FE7D7D0000FFFFFF;8;CF00400;1;1;8;1;1;1;Electronic Engine Controller 1;J1939 DBC
000001.294631 (000.003087)  Rx() ID = 00 Ret = 0019 Sz = 02048 Blk = 1 Data:  00 11 EF 28 00 20 FF 00 03 00 FF 10 21 00 00 00 FF D0 FF;000001.294631;00;0019;02048;1;0011EF280020FF000300FF1021000000FFD0FF;1.6469965318656732e-39;00;00FF20;03;00;FF;1021000000FFD0FF;8;CFF2000;1;1;8;1;1;1;Proprietary B;No
000001.299065 (000.004433)  Rx() ID = 00 Ret = 0019 Sz = 02048 Blk = 1 Data:  00 11 EF 29 00 00 00 00 03 03 00 39 00 19 00 00 00 00 00;000001.299065;00;0019;02048;1;0011EF29000000000303003900190000000000;1.6469979331641375e-39;00;000000;03;03;00;3900190000000000;8;C000003;1;1;8;1;1;1;;
000001.303594 (000.004529)  Rx() ID = 00 Ret = 0019 Sz = 02048 Blk = 1 Data:  00 11 EF 2D 00 F0 FE 00 06 00 FF FF FF FF 00 00 FF 33 FF;000001.303594;00;0019;02048;1;0011EF2D00F0FE000600FFFFFFFF0000FF33FF;1.6470035383579948e-39;00;00FEF0;06;00;FF;FFFFFF0000FF33FF;8;18FEF000;1;1;8;1;1;1;Power Takeoff Information;J1939 DBC
000001.307036 (000.003443)  Rx() ID = 00 Ret = 0019 Sz = 02048 Blk = 1 Data:  00 11 EF 2E 00 00 F0 00 06 0F FF C0 7D FF FF FF FF FF FF;000001.307036;00;0019;02048;1;0011EF2E0000F000060FFFC07DFFFFFFFFFFFF;1.647004939656459e-39;00;00F000;06;0F;FF;C07DFFFFFFFFFFFF;8;18F0000F;1;1;8;1;1;1;Electronic Retarder Controller 1;J1939 DBC
000001.313917 (000.006881)  Rx() ID = 00 Ret = 0019 Sz = 02048 Blk = 1 Data:  00 11 EF 3C 00 03 F0 00 03 05 FF 00 00 00 00 00 00 00 00;000001.313917;00;0019;02048;1;0011EF3C0003F0000305FF0000000000000000;1.6470245578349597e-39;00;00F003;03;05;FF;0000000000000000;8;CF00305;1;1;8;1;1;1;Electronic Engine Controller 2;J1939 DBC
000001.317098 (000.003181)  Rx() ID = 00 Ret = 0019 Sz = 02048 Blk = 1 Data:  00 11 EF 3E 00 00 00 00 03 03 00 39 00 19 00 00 00 00 00;000001.317098;00;0019;02048;1;0011EF3E000000000303003900190000000000;1.6470273604318883e-39;00;000000;03;03;00;3900190000000000;8;C000003;1;1;8;1;1;1;;
000001.320966 (000.003868)  Rx() ID = 00 Ret = 0019 Sz = 02048 Blk = 1 Data:  00 11 EF 3F 00 04 F0 00 03 00 FF FE 7D 7D 00 00 FF FF FF;000001.320966;00;0019;02048;1;0011EF3F0004F0000300FFFE7D7D0000FFFFFF;1.6470287617303527e-39;00;00F004;03;00;FF;FE7D7D0000FFFFFF;8;CF00400;1;1;8;1;1;1;Electronic Engine Controller 1;J1939 DBC
000001.324702 (000.003736)  Rx() ID = 00 Ret = 0019 Sz = 02048 Blk = 1 Data:  00 11 EF 40 00 23 FF 00 03 03 FF 10 10 00 FD 43 FF FF 01;000001.324702;00;0019;02048;1;0011EF400023FF000303FF101000FD43FFFF01;1.647030163028817e-39;00;00FF23;03;03;FF;101000FD43FFFF01;8;CFF2303;1;1;8;1;1;1;Proprietary B;No
000001.327332 (000.002630)  Rx() ID = 00 Ret = 0019 Sz = 02048 Blk = 1 Data:  00 11 EF 41 00 03 F0 00 03 00 FF F1 FF 00 00 FF FF 00 FF;000001.327332;00;0019;02048;1;0011EF410003F0000300FFF1FF0000FFFF00FF;1.6470315643272813e-39;00;00F003;03;00;FF;F1FF0000FFFF00FF;8;CF00300;1;1;8;1;1;1;Electronic Engine Controller 2;J1939 DBC
000001.331144 (000.003812)  Rx() ID = 00 Ret = 0019 Sz = 02048 Blk = 1 Data:  00 11 EF 50 00 20 FF 00 03 00 FF 10 21 00 00 00 FF D0 FF;000001.331144;00;0019;02048;1;0011EF500020FF000300FF1021000000FFD0FF;1.6470525838042462e-39;00;00FF20;03;00;FF;1021000000FFD0FF;8;CFF2000;1;1;8;1;1;1;Proprietary B;No
000001.334617 (000.003473)  Rx() ID = 00 Ret = 0019 Sz = 02048 Blk = 1 Data:  00 11 EF 51 00 00 00 00 03 03 00 39 00 19 00 00 00 00 00;000001.334617;00;0019;02048;1;0011EF51000000000303003900190000000000;1.6470539851027105e-39;00;000000;03;03;00;3900190000000000;8;C000003;1;1;8;1;1;1;;
000001.337833 (000.003216)  Rx() ID = 00 Ret = 0019 Sz = 02048 Blk = 1 Data:  00 11 EF 53 00 F1 FE 00 06 00 FF FF 00 00 00 00 00 E0 C0;000001.337833;00;0019;02048;1;0011EF5300F1FE000600FFFF0000000000E0C0;1.6470567876996392e-39;00;00FEF1;06;00;FF;FF0000000000E0C0;8;18FEF100;1;1;8;1;1;1;Cruise Control/Vehicle Speed 1;J1939 DBC
000001.341737 (000.003904)  Rx() ID = 00 Ret = 0019 Sz = 02048 Blk = 1 Data:  00 11 EF 65 00 00 00 00 03 03 00 39 00 19 00 00 00 00 00;000001.341737;00;0019;02048;1;0011EF65000000000303003900190000000000;1.647082011071997e-39;00;000000;03;03;00;3900190000000000;8;C000003;1;1;8;1;1;1;;
000001.344096 (000.002360)  Rx() ID = 00 Ret = 0019 Sz = 02048 Blk = 1 Data:  00 11 EF 66 00 23 FF 00 03 03 FF 10 10 00 FD 43 FF FF 01;000001.344096;00;0019;02048;1;0011EF660023FF000303FF101000FD43FFFF01;1.6470834123704613e-39;00;00FF23;03;03;FF;101000FD43FFFF01;8;CFF2303;1;1;8;1;1;1;Proprietary B;No
000001.347957 (000.003861)  Rx() ID = 00 Ret = 0019 Sz = 02048 Blk = 1 Data:  00 11 EF 67 00 04 F0 00 03 00 FF FE 7D 7D 00 00 FF FF FF;000001.347957;00;0019;02048;1;0011EF670004F0000300FFFE7D7D0000FFFFFF;1.6470848136689257e-39;00;00F004;03;00;FF;FE7D7D0000FFFFFF;8;CF00400;1;1;8;1;1;1;Electronic Engine Controller 1;J1939 DBC
000001.351258 (000.003300)  Rx() ID = 00 Ret = 0019 Sz = 02048 Blk = 1 Data:  00 11 EF 78 00 20 FF 00 03 00 FF 10 21 00 00 00 FF D0 FF;000001.351258;00;0019;02048;1;0011EF780020FF000300FF1021000000FFD0FF;1.6471086357428192e-39;00;00FF20;03;00;FF;1021000000FFD0FF;8;CFF2000;1;1;8;1;1;1;Proprietary B;No
000001.354926 (000.003668)  Rx() ID = 00 Ret = 0019 Sz = 02048 Blk = 1 Data:  00 11 EF 79 00 00 00 00 03 03 00 39 00 19 00 00 00 00 00;000001.354926;00;0019;02048;1;0011EF79000000000303003900190000000000;1.6471100370412835e-39;00;000000;03;03;00;3900190000000000;8;C000003;1;1;8;1;1;1;;
000001.358766 (000.003840)  Rx() ID = 00 Ret = 0019 Sz = 02048 Blk = 1 Data:  00 11 EF 7A 00 22 FF 00 03 00 FF 41 FF FF FF FF FF FF FF;000001.358766;00;0019;02048;1;0011EF7A0022FF000300FF41FFFFFFFFFFFFFF;1.6471114383397478e-39;00;00FF22;03;00;FF;41FFFFFFFFFFFFFF;8;CFF2200;1;1;8;1;1;1;Proprietary B;No
000001.363068 (000.004302)  Rx() ID = 00 Ret = 0019 Sz = 02048 Blk = 1 Data:  00 11 EF 7C 00 F2 FE 00 06 00 FF 00 00 FF FF FF FF FF FF;000001.363068;00;0019;02048;1;0011EF7C00F2FE000600FF0000FFFFFFFFFFFF;1.6471142409366765e-39;00;00FEF2;06;00;FF;0000FFFFFFFFFFFF;8;18FEF200;1;1;8;1;1;1;Fuel Economy (Liquid);J1939 DBC
000001.367371 (000.004302)  Rx() ID = 00 Ret = 0019 Sz = 02048 Blk = 1 Data:  00 11 EF 8C 00 03 F0 00 03 05 FF 00 00 00 00 00 00 00 00;000001.367371;00;0019;02048;1;0011EF8C0003F0000305FF0000000000000000;1.6471366617121057e-39;00;00F003;03;05;FF;0000000000000000;8;CF00305;1;1;8;1;1;1;Electronic Engine Controller 2;J1939 DBC
000001.371258 (000.003887)  Rx() ID = 00 Ret = 0019 Sz = 02048 Blk = 1 Data:  00 11 EF 8E 00 00 00 00 03 03 00 39 00 19 00 00 00 00 00;000001.371258;00;0019;02048;1;0011EF8E000000000303003900190000000000;1.6471394643090343e-39;00;000000;03;03;00;3900190000000000;8;C000003;1;1;8;1;1;1;;
000001.376715 (000.005457)  Rx() ID = 00 Ret = 0019 Sz = 02048 Blk = 1 Data:  00 11 EF 8F 00 24 FF 00 03 03 FF 41 51 26 05 00 FF FF FF;000001.376715;00;0019;02048;1;0011EF8F0024FF000303FF4151260500FFFFFF;1.6471408656074987e-39;00;00FF24;03;03;FF;4151260500FFFFFF;8;CFF2403;1;1;8;1;1;1;Proprietary B;No
000001.381595 (000.004880)  Rx() ID = 00 Ret = 0019 Sz = 02048 Blk = 1 Data:  00 11 EF 90 00 04 F0 00 03 00 FF FE 7D 7D 00 00 FF FF FF;000001.381595;00;0019;02048;1;0011EF900004F0000300FFFE7D7D0000FFFFFF;1.647142266905963e-39;00;00F004;03;00;FF;FE7D7D0000FFFFFF;8;CF00400;1;1;8;1;1;1;Electronic Engine Controller 1;J1939 DBC
000001.386102 (000.004507)  Rx() ID = 00 Ret = 0019 Sz = 02048 Blk = 1 Data:  00 11 EF 91 00 23 FF 00 03 03 FF 10 10 00 FD 43 FF FF 01;000001.386102;00;0019;02048;1;0011EF910023FF000303FF101000FD43FFFF01;1.6471436682044273e-39;00;00FF23;03;03;FF;101000FD43FFFF01;8;CFF2303;1;1;8;1;1;1;Proprietary B;No
000001.390688 (000.004586)  Rx() ID = 00 Ret = 0019 Sz = 02048 Blk = 1 Data:  00 11 EF A0 00 20 FF 00 03 00 FF 10 21 00 00 00 FF D0 FF;000001.390688;00;0019;02048;1;0011EFA00020FF000300FF1021000000FFD0FF;1.6471646876813922e-39;00;00FF20;03;00;FF;1021000000FFD0FF;8;CFF2000;1;1;8;1;1;1;Proprietary B;No
000001.394890 (000.004202)  Rx() ID = 00 Ret = 0019 Sz = 02048 Blk = 1 Data:  00 11 EF A1 00 00 00 00 03 03 00 39 00 19 00 00 00 00 00;000001.394890;00;0019;02048;1;0011EFA1000000000303003900190000000000;1.6471660889798565e-39;00;000000;03;03;00;3900190000000000;8;C000003;1;1;8;1;1;1;;
000001.399925 (000.005035)  Rx() ID = 00 Ret = 0019 Sz = 02048 Blk = 1 Data:  00 11 EF A3 00 03 F0 00 03 00 FF F1 FF 00 00 FF FF 00 FF;000001.399925;00;0019;02048;1;0011EFA30003F0000300FFF1FF0000FFFF00FF;1.647168891576785e-39;00;00F003;03;00;FF;F1FF0000FFFF00FF;8;CF00300;1;1;8;1;1;1;Electronic Engine Controller 2;J1939 DBC
000001.404308 (000.004383)  Rx() ID = 00 Ret = 0019 Sz = 02048 Blk = 1 Data:  00 11 EF B5 00 00 00 00 03 03 00 39 00 19 00 00 00 00 00;000001.404308;00;0019;02048;1;0011EFB5000000000303003900190000000000;1.647194114949143e-39;00;000000;03;03;00;3900190000000000;8;C000003;1;1;8;1;1;1;;
000001.413302 (000.008995)  Rx() ID = 00 Ret = 0019 Sz = 02048 Blk = 1 Data:  00 11 EF B6 00 23 FF 00 03 03 FF 10 10 00 FD 43 FF FF 01;000001.413302;00;0019;02048;1;0011EFB60023FF000303FF101000FD43FFFF01;1.6471955162476073e-39;00;00FF23;03;03;FF;101000FD43FFFF01;8;CFF2303;1;1;8;1;1;1;Proprietary B;No
000001.418394 (000.005092)  Rx() ID = 00 Ret = 0019 Sz = 02048 Blk = 1 Data:  00 11 EF B7 00 01 F0 00 06 00 FF FF FF FF 3F FF FF FF FF;000001.418394;00;0019;02048;1;0011EFB70001F0000600FFFFFFFF3FFFFFFFFF;1.6471969175460716e-39;00;00F001;06;00;FF;FFFFFF3FFFFFFFFF;8;18F00100;1;1;8;1;1;1;Electronic Brake Controller 1;J1939 DBC
000001.423435 (000.005041)  Rx() ID = 00 Ret = 0019 Sz = 02048 Blk = 1 Data:  00 11 EF B9 00 04 F0 00 03 00 FF FE 7D 7D 00 00 FF FF FF;000001.423435;00;0019;02048;1;0011EFB90004F0000300FFFE7D7D0000FFFFFF;1.6471997201430003e-39;00;00F004;03;00;FF;FE7D7D0000FFFFFF;8;CF00400;1;1;8;1;1;1;Electronic Engine Controller 1;J1939 DBC
000001.428654 (000.005219)  Rx() ID = 00 Ret = 0019 Sz = 02048 Blk = 1 Data:  00 11 EF C8 00 20 FF 00 03 00 FF 10 21 00 00 00 FF D0 FF;000001.428654;00;0019;02048;1;0011EFC80020FF000300FF1021000000FFD0FF;1.6472207396199652e-39;00;00FF20;03;00;FF;1021000000FFD0FF;8;CFF2000;1;1;8;1;1;1;Proprietary B;No
000001.432868 (000.004214)  Rx() ID = 00 Ret = 0019 Sz = 02048 Blk = 1 Data:  00 11 EF C9 00 00 00 00 03 03 00 39 00 19 00 00 00 00 00;000001.432868;00;0019;02048;1;0011EFC9000000000303003900190000000000;1.6472221409184295e-39;00;000000;03;03;00;3900190000000000;8;C000003;1;1;8;1;1;1;;
000001.437342 (000.004474)  Rx() ID = 00 Ret = 0019 Sz = 02048 Blk = 1 Data:  00 11 EF DB 00 03 F0 00 03 05 FF 00 00 00 00 00 00 00 00;000001.437342;00;0019;02048;1;0011EFDB0003F0000305FF0000000000000000;1.6472473642907873e-39;00;00F003;03;05;FF;0000000000000000;8;CF00305;1;1;8;1;1;1;Electronic Engine Controller 2;J1939 DBC
000001.442983 (000.005641)  Rx() ID = 00 Ret = 0019 Sz = 02048 Blk = 1 Data:  00 11 EF DD 00 00 00 00 03 03 00 39 00 19 00 00 00 00 00;000001.442983;00;0019;02048;1;0011EFDD000000000303003900190000000000;1.647250166887716e-39;00;000000;03;03;00;3900190000000000;8;C000003;1;1;8;1;1;1;;
000001.447069 (000.004086)  Rx() ID = 00 Ret = 0019 Sz = 02048 Blk = 1 Data:  00 11 EF DF 00 23 FF 00 03 03 FF 10 10 00 FD 43 FF FF 01;000001.447069;00;0019;02048;1;0011EFDF0023FF000303FF101000FD43FFFF01;1.6472529694846446e-39;00;00FF23;03;03;FF;101000FD43FFFF01;8;CFF2303;1;1;8;1;1;1;Proprietary B;No
000001.451248 (000.004179)  Rx() ID = 00 Ret = 0019 Sz = 02048 Blk = 1 Data:  00 11 EF E0 00 04 F0 00 03 00 FF FE 7D 7D 00 00 FF FF FF;000001.451248;00;0019;02048;1;0011EFE00004F0000300FFFE7D7D0000FFFFFF;1.647254370783109e-39;00;00F004;03;00;FF;FE7D7D0000FFFFFF;8;CF00400;1;1;8;1;1;1;Electronic Engine Controller 1;J1939 DBC
000001.455982 (000.004734)  Rx() ID = 00 Ret = 0019 Sz = 02048 Blk = 1 Data:  00 11 EF F0 00 20 FF 00 03 00 FF 10 21 00 00 00 FF D0 FF;000001.455982;00;0019;02048;1;0011EFF00020FF000300FF1021000000FFD0FF;1.647276791558538e-39;00;00FF20;03;00;FF;1021000000FFD0FF;8;CFF2000;1;1;8;1;1;1;Proprietary B;No
000001.460623 (000.004641)  Rx() ID = 00 Ret = 0019 Sz = 02048 Blk = 1 Data:  00 11 EF F1 00 00 00 00 03 03 00 39 00 19 00 00 00 00 00;000001.460623;00;0019;02048;1;0011EFF1000000000303003900190000000000;1.6472781928570025e-39;00;000000;03;03;00;3900190000000000;8;C000003;1;1;8;1;1;1;;
000001.465222 (000.004599)  Rx() ID = 00 Ret = 0019 Sz = 02048 Blk = 1 Data:  00 11 EF F3 00 F0 FE 00 06 00 FF FF FF FF 00 00 FF 33 FF;000001.465222;00;0019;02048;1;0011EFF300F0FE000600FFFFFFFF0000FF33FF;1.647280995453931e-39;00;00FEF0;06;00;FF;FFFFFF0000FF33FF;8;18FEF000;1;1;8;1;1;1;Power Takeoff Information;J1939 DBC
000001.469965 (000.004743)  Rx() ID = 00 Ret = 0019 Sz = 02048 Blk = 1 Data:  00 11 EF F4 00 00 F0 00 06 0F FF C0 7D FF FF FF FF FF FF;000001.469965;00;0019;02048;1;0011EFF40000F000060FFFC07DFFFFFFFFFFFF;1.6472823967523955e-39;00;00F000;06;0F;FF;C07DFFFFFFFFFFFF;8;18F0000F;1;1;8;1;1;1;Electronic Retarder Controller 1;J1939 DBC
000001.475136 (000.005171)  Rx() ID = 00 Ret = 0019 Sz = 02048 Blk = 1 Data:  00 11 F0 05 00 00 00 00 03 03 00 39 00 19 00 00 00 00 00;000001.475136;00;0019;02048;1;0011F005000000000303003900190000000000;1.647306218826289e-39;00;000000;03;03;00;3900190000000000;8;C000003;1;1;8;1;1;1;;
000001.479991 (000.004855)  Rx() ID = 00 Ret = 0019 Sz = 02048 Blk = 1 Data:  00 11 F0 06 00 23 FF 00 03 03 FF 10 10 00 FD 43 FF FF 01;000001.479991;00;0019;02048;1;0011F0060023FF000303FF101000FD43FFFF01;1.6473076201247533e-39;00;00FF23;03;03;FF;101000FD43FFFF01;8;CFF2303;1;1;8;1;1;1;Proprietary B;No
000001.484704 (000.004713)  Rx() ID = 00 Ret = 0019 Sz = 02048 Blk = 1 Data:  00 11 F0 07 00 04 F0 00 03 00 FF FE 7D 7D 00 00 FF FF FF;000001.484704;00;0019;02048;1;0011F0070004F0000300FFFE7D7D0000FFFFFF;1.6473090214232176e-39;00;00F004;03;00;FF;FE7D7D0000FFFFFF;8;CF00400;1;1;8;1;1;1;Electronic Engine Controller 1;J1939 DBC
000001.489303 (000.004599)  Rx() ID = 00 Ret = 0019 Sz = 02048 Blk = 1 Data:  00 11 F0 08 00 03 F0 00 03 00 FF F1 FF 00 00 FF FF 00 FF;000001.489303;00;0019;02048;1;0011F0080003F0000300FFF1FF0000FFFF00FF;1.647310422721682e-39;00;00F003;03;00;FF;F1FF0000FFFF00FF;8;CF00300;1;1;8;1;1;1;Electronic Engine Controller 2;J1939 DBC
000001.493466 (000.004163)  Rx() ID = 00 Ret = 0019 Sz = 02048 Blk = 1 Data:  00 11 F0 18 00 20 FF 00 03 00 FF 10 21 00 00 00 FF D0 FF;000001.493466;00;0019;02048;1;0011F0180020FF000300FF1021000000FFD0FF;1.647332843497111e-39;00;00FF20;03;00;FF;1021000000FFD0FF;8;CFF2000;1;1;8;1;1;1;Proprietary B;No
000001.497833 (000.004367)  Rx() ID = 00 Ret = 0019 Sz = 02048 Blk = 1 Data:  00 11 F0 19 00 00 00 00 03 03 00 39 00 19 00 00 00 00 00;000001.497833;00;0019;02048;1;0011F019000000000303003900190000000000;1.6473342447955755e-39;00;000000;03;03;00;3900190000000000;8;C000003;1;1;8;1;1;1;;
000001.503543 (000.005711)  Rx() ID = 00 Ret = 0019 Sz = 02048 Blk = 1 Data:  00 11 F0 1B 00 F1 FE 00 06 00 FF FF 00 00 00 00 00 E0 C0;000001.503543;00;0019;02048;1;0011F01B00F1FE000600FFFF0000000000E0C0;1.647337047392504e-39;00;00FEF1;06;00;FF;FF0000000000E0C0;8;18FEF100;1;1;8;1;1;1;Cruise Control/Vehicle Speed 1;J1939 DBC
000001.508306 (000.004763)  Rx() ID = 00 Ret = 0019 Sz = 02048 Blk = 1 Data:  00 11 F0 2B 00 03 F0 00 03 05 FF 00 00 00 00 00 00 00 00;000001.508306;00;0019;02048;1;0011F02B0003F0000305FF0000000000000000;1.6473594681679333e-39;00;00F003;03;05;FF;0000000000000000;8;CF00305;1;1;8;1;1;1;Electronic Engine Controller 2;J1939 DBC
000001.511513 (000.003207)  Rx() ID = 00 Ret = 0019 Sz = 02048 Blk = 1 Data:  00 11 F0 2D 00 00 00 00 03 03 00 39 00 19 00 00 00 00 00;000001.511513;00;0019;02048;1;0011F02D000000000303003900190000000000;1.647362270764862e-39;00;000000;03;03;00;3900190000000000;8;C000003;1;1;8;1;1;1;;
000001.518572 (000.007059)  Rx() ID = 00 Ret = 0019 Sz = 02048 Blk = 1 Data:  00 11 F0 2F 00 23 FF 00 03 03 FF 10 10 00 FD 43 FF FF 01;000001.518572;00;0019;02048;1;0011F02F0023FF000303FF101000FD43FFFF01;1.6473650733617906e-39;00;00FF23;03;03;FF;101000FD43FFFF01;8;CFF2303;1;1;8;1;1;1;Proprietary B;No
000001.522783 (000.004211)  Rx() ID = 00 Ret = 0019 Sz = 02048 Blk = 1 Data:  00 11 F0 30 00 04 F0 00 03 00 FF FE 7D 7D 00 00 FF FF FF;000001.522783;00;0019;02048;1;0011F0300004F0000300FFFE7D7D0000FFFFFF;1.647366474660255e-39;00;00F004;03;00;FF;FE7D7D0000FFFFFF;8;CF00400;1;1;8;1;1;1;Electronic Engine Controller 1;J1939 DBC
000001.526941 (000.004158)  Rx() ID = 00 Ret = 0019 Sz = 02048 Blk = 1 Data:  00 11 F0 40 00 20 FF 00 03 00 FF 10 21 00 00 00 FF D0 FF;000001.526941;00;0019;02048;1;0011F0400020FF000300FF1021000000FFD0FF;1.647388895435684e-39;00;00FF20;03;00;FF;1021000000FFD0FF;8;CFF2000;1;1;8;1;1;1;Proprietary B;No
000001.531692 (000.004750)  Rx() ID = 00 Ret = 0019 Sz = 02048 Blk = 1 Data:  00 11 F0 41 00 00 00 00 03 03 00 39 00 19 00 00 00 00 00;000001.531692;00;0019;02048;1;0011F041000000000303003900190000000000;1.6473902967341485e-39;00;000000;03;03;00;3900190000000000;8;C000003;1;1;8;1;1;1;;
000001.535933 (000.004242)  Rx() ID = 00 Ret = 0019 Sz = 02048 Blk = 1 Data:  00 11 F0 43 00 F2 FE 00 06 00 FF 00 00 FF FF FF FF FF FF;000001.535933;00;0019;02048;1;0011F04300F2FE000600FF0000FFFFFFFFFFFF;1.647393099331077e-39;00;00FEF2;06;00;FF;0000FFFFFFFFFFFF;8;18FEF200;1;1;8;1;1;1;Fuel Economy (Liquid);J1939 DBC
000001.540449 (000.004516)  Rx() ID = 00 Ret = 0019 Sz = 02048 Blk = 1 Data:  00 11 F0 55 00 00 00 00 03 03 00 39 00 19 00 00 00 00 00;000001.540449;00;0019;02048;1;0011F055000000000303003900190000000000;1.647418322703435e-39;00;000000;03;03;00;3900190000000000;8;C000003;1;1;8;1;1;1;;
000001.544964 (000.004515)  Rx() ID = 00 Ret = 0019 Sz = 02048 Blk = 1 Data:  00 11 F0 56 00 23 FF 00 03 03 FF 10 10 00 FD 43 FF FF 01;000001.544964;00;0019;02048;1;0011F0560023FF000303FF101000FD43FFFF01;1.6474197240018993e-39;00;00FF23;03;03;FF;101000FD43FFFF01;8;CFF2303;1;1;8;1;1;1;Proprietary B;No
000001.549683 (000.004719)  Rx() ID = 00 Ret = 0019 Sz = 02048 Blk = 1 Data:  00 11 F0 57 00 04 F0 00 03 00 FF FE 7D 7D 00 00 FF FF FF;000001.549683;00;0019;02048;1;0011F0570004F0000300FFFE7D7D0000FFFFFF;1.6474211253003636e-39;00;00F004;03;00;FF;FE7D7D0000FFFFFF;8;CF00400;1;1;8;1;1;1;Electronic Engine Controller 1;J1939 DBC
000001.558284 (000.004330)  Rx() ID = 00 Ret = 0019 Sz = 02048 Blk = 1 Data:  00 11 F0 68 00 CB FD 00 06 05 FF FF 00 FF FF FF FF FF FF;000001.558284;00;0019;02048;1;0011F06800CBFD000605FFFF00FFFFFFFFFFFF;1.647444947374257e-39;00;00FDCB;06;05;FF;FF00FFFFFFFFFFFF;8;18FDCB05;1;1;8;1;1;1;Off-Highway Engine Control Selection;J1939 DBC
000001.562337 (000.004052)  Rx() ID = 00 Ret = 0019 Sz = 02048 Blk = 1 Data:  00 11 F0 69 00 00 00 00 03 03 00 39 00 19 00 00 00 00 00;000001.562337;00;0019;02048;1;0011F069000000000303003900190000000000;1.6474463486727215e-39;00;000000;03;03;00;3900190000000000;8;C000003;1;1;8;1;1;1;;
000001.568050 (000.005714)  Rx() ID = 00 Ret = 0019 Sz = 02048 Blk = 1 Data:  00 11 F0 6A 00 20 FF 00 03 00 FF 10 21 00 00 00 FF D0 FF;000001.568050;00;0019;02048;1;0011F06A0020FF000300FF1021000000FFD0FF;1.6474477499711858e-39;00;00FF20;03;00;FF;1021000000FFD0FF;8;CFF2000;1;1;8;1;1;1;Proprietary B;No
000001.572173 (000.004123)  Rx() ID = 00 Ret = 0019 Sz = 02048 Blk = 1 Data:  00 11 F0 6C 00 03 F0 00 03 00 FF F1 FF 00 00 FF FF 00 FF;000001.572173;00;0019;02048;1;0011F06C0003F0000300FFF1FF0000FFFF00FF;1.6474505525681144e-39;00;00F003;03;00;FF;F1FF0000FFFF00FF;8;CF00300;1;1;8;1;1;1;Electronic Engine Controller 2;J1939 DBC
000001.576067 (000.003894)  Rx() ID = 00 Ret = 0019 Sz = 02048 Blk = 1 Data:  00 11 F0 75 00 E5 FE 00 06 00 FF 14 A5 00 00 FF FF FF FF;000001.576067;00;0019;02048;1;0011F07500E5FE000600FF14A50000FFFFFFFF;1.6474631642542934e-39;00;00FEE5;06;00;FF;14A50000FFFFFFFF;8;18FEE500;1;1;8;1;1;1;Engine Hours, Revolutions;J1939 DBC
000001.580590 (000.004523)  Rx() ID = 00 Ret = 0019 Sz = 02048 Blk = 1 Data:  00 11 F0 7B 00 03 F0 00 03 05 FF 00 00 00 00 00 00 00 00;000001.580590;00;0019;02048;1;0011F07B0003F0000305FF0000000000000000;1.6474715720450793e-39;00;00F003;03;05;FF;0000000000000000;8;CF00305;1;1;8;1;1;1;Electronic Engine Controller 2;J1939 DBC
000001.584896 (000.004305)  Rx() ID = 00 Ret = 0019 Sz = 02048 Blk = 1 Data:  00 11 F0 7D 00 00 00 00 03 03 00 39 00 19 00 00 00 00 00;000001.584896;00;0019;02048;1;0011F07D000000000303003900190000000000;1.647474374642008e-39;00;000000;03;03;00;3900190000000000;8;C000003;1;1;8;1;1;1;;
000001.588937 (000.004042)  Rx() ID = 00 Ret = 0019 Sz = 02048 Blk = 1 Data:  00 11 F0 7F 00 23 FF 00 03 03 FF 10 10 00 FD 43 FF FF 01;000001.588937;00;0019;02048;1;0011F07F0023FF000303FF101000FD43FFFF01;1.6474771772389366e-39;00;00FF23;03;03;FF;101000FD43FFFF01;8;CFF2303;1;1;8;1;1;1;Proprietary B;No
000001.593514 (000.004577)  Rx() ID = 00 Ret = 0019 Sz = 02048 Blk = 1 Data:  00 11 F0 80 00 01 F0 00 06 00 FF FF FF FF 3F FF FF FF FF;000001.593514;00;0019;02048;1;0011F0800001F0000600FFFFFFFF3FFFFFFFFF;1.647478578537401e-39;00;00F001;06;00;FF;FFFFFF3FFFFFFFFF;8;18F00100;1;1;8;1;1;1;Electronic Brake Controller 1;J1939 DBC
000001.597630 (000.004115)  Rx() ID = 00 Ret = 0019 Sz = 02048 Blk = 1 Data:  00 11 F0 81 00 04 F0 00 03 00 FF FE 7D 7D 00 00 FF FF FF;000001.597630;00;0019;02048;1;0011F0810004F0000300FFFE7D7D0000FFFFFF;1.6474799798358653e-39;00;00F004;03;00;FF;FE7D7D0000FFFFFF;8;CF00400;1;1;8;1;1;1;Electronic Engine Controller 1;J1939 DBC
000001.601677 (000.004047)  Rx() ID = 00 Ret = 0019 Sz = 02048 Blk = 1 Data:  00 11 F0 90 00 20 FF 00 03 00 FF 10 21 00 00 00 FF D0 FF;000001.601677;00;0019;02048;1;0011F0900020FF000300FF1021000000FFD0FF;1.64750099931283e-39;00;00FF20;03;00;FF;1021000000FFD0FF;8;CFF2000;1;1;8;1;1;1;Proprietary B;No
000001.604433 (000.002756)  Rx() ID = 00 Ret = 0019 Sz = 02048 Blk = 1 Data:  00 11 F0 91 00 00 00 00 03 03 00 39 00 19 00 00 00 00 00;000001.604433;00;0019;02048;1;0011F091000000000303003900190000000000;1.6475024006112945e-39;00;000000;03;03;00;3900190000000000;8;C000003;1;1;8;1;1;1;;
000001.608795 (000.004361)  Rx() ID = 00 Ret = 0019 Sz = 02048 Blk = 1 Data:  00 11 F0 93 00 DF FE 00 06 00 FF 81 E0 2E 7D FB FF FF FF;000001.608795;00;0019;02048;1;0011F09300DFFE000600FF81E02E7DFBFFFFFF;1.647505203208223e-39;00;00FEDF;06;00;FF;81E02E7DFBFFFFFF;8;18FEDF00;1;1;8;1;1;1;Electronic Engine Controller 3;J1939 DBC
000001.613309 (000.004514)  Rx() ID = 00 Ret = 0019 Sz = 02048 Blk = 1 Data:  00 11 F0 A4 00 00 00 00 03 03 00 39 00 19 00 00 00 00 00;000001.613309;00;0019;02048;1;0011F0A4000000000303003900190000000000;1.6475290252821166e-39;00;000000;03;03;00;3900190000000000;8;C000003;1;1;8;1;1;1;;
000001.618512 (000.005203)  Rx() ID = 00 Ret = 0019 Sz = 02048 Blk = 1 Data:  00 11 F0 A6 00 23 FF 00 03 03 FF 10 10 00 FD 43 FF FF 01;000001.618512;00;0019;02048;1;0011F0A60023FF000303FF101000FD43FFFF01;1.6475318278790453e-39;00;00FF23;03;03;FF;101000FD43FFFF01;8;CFF2303;1;1;8;1;1;1;Proprietary B;No
000001.622722 (000.004210)  Rx() ID = 00 Ret = 0019 Sz = 02048 Blk = 1 Data:  00 11 F0 A8 00 04 F0 00 03 00 FF FE 7D 7D 00 00 FF FF FF;000001.622722;00;0019;02048;1;0011F0A80004F0000300FFFE7D7D0000FFFFFF;1.647534630475974e-39;00;00F004;03;00;FF;FE7D7D0000FFFFFF;8;CF00400;1;1;8;1;1;1;Electronic Engine Controller 1;J1939 DBC
000001.626811 (000.004089)  Rx() ID = 00 Ret = 0019 Sz = 02048 Blk = 1 Data:  00 11 F0 B7 00 20 FF 00 03 00 FF 10 21 00 00 00 FF D0 FF;000001.626811;00;0019;02048;1;0011F0B70020FF000300FF1021000000FFD0FF;1.6475556499529388e-39;00;00FF20;03;00;FF;1021000000FFD0FF;8;CFF2000;1;1;8;1;1;1;Proprietary B;No
000001.632414 (000.005602)  Rx() ID = 00 Ret = 0019 Sz = 02048 Blk = 1 Data:  00 11 F0 B9 00 00 00 00 03 03 00 39 00 19 00 00 00 00 00;000001.632414;00;0019;02048;1;0011F0B9000000000303003900190000000000;1.6475584525498674e-39;00;000000;03;03;00;3900190000000000;8;C000003;1;1;8;1;1;1;;
000001.636960 (000.004546)  Rx() ID = 00 Ret = 0019 Sz = 02048 Blk = 1 Data:  00 11 F0 BC 00 BD FE 00 06 00 FF ED F0 FF FF FF FF FF FF;000001.636960;00;0019;02048;1;0011F0BC00BDFE000600FFEDF0FFFFFFFFFFFF;1.6475626564452604e-39;00;00FEBD;06;00;FF;EDF0FFFFFFFFFFFF;8;18FEBD00;1;1;8;1;1;1;Fan Drive #1;J1939 DBC
000001.642364 (000.005404)  Rx() ID = 00 Ret = 0019 Sz = 02048 Blk = 1 Data:  00 11 F0 BD 00 F0 FE 00 06 00 FF FF FF FF 00 00 FF 33 FF;000001.642364;00;0019;02048;1;0011F0BD00F0FE000600FFFFFFFF0000FF33FF;1.6475640577437247e-39;00;00FEF0;06;00;FF;FFFFFF0000FF33FF;8;18FEF000;1;1;8;1;1;1;Power Takeoff Information;J1939 DBC
000001.647429 (000.005065)  Rx() ID = 00 Ret = 0019 Sz = 02048 Blk = 1 Data:  00 11 F0 BF 00 00 F0 00 06 0F FF C0 7D FF FF FF FF FF FF;000001.647429;00;0019;02048;1;0011F0BF0000F000060FFFC07DFFFFFFFFFFFF;1.6475668603406534e-39;00;00F000;06;0F;FF;C07DFFFFFFFFFFFF;8;18F0000F;1;1;8;1;1;1;Electronic Retarder Controller 1;J1939 DBC
000001.652164 (000.004735)  Rx() ID = 00 Ret = 0019 Sz = 02048 Blk = 1 Data:  00 11 F0 CB 00 03 F0 00 03 05 FF 00 00 00 00 00 00 00 00;000001.652164;00;0019;02048;1;0011F0CB0003F0000305FF0000000000000000;1.6475836759222253e-39;00;00F003;03;05;FF;0000000000000000;8;CF00305;1;1;8;1;1;1;Electronic Engine Controller 2;J1939 DBC
